B_Index,N_Index,Cl_Index,Conf_id,TS_G,deltaG(kcal/mol),deltaGa(kcal/mol),B_Cl,C_Cl
388,1,492,12,-1349.53302,2.36460825,11.53008032,2.572356688,1.858820739
388,33,492,10,-1520.331794,2.18225675,11.59837743,2.573153483,1.861774172
388,71,492,10,-2436.856731,20.231855,25.8347021,2.252839609,1.989601242
388,75,492,10,-1827.841305,13.56184375,19.89404665,2.348250208,1.967185778
388,141,480,0,-2000.912284,20.9915065,24.64967462,2.258242469,2.008427957
388,143,480,2,-1979.710016,20.03613775,26.04868588,2.229464529,2.020105547
388,143,483,0,-1924.33458,2.54921875,29.81886903,2.161498151,2.03450505
388,143,485,0,-1946.302429,-3.58848425,46.6732241,2.231557395,2.040379335
388,143,492,11,-1794.912201,25.223994,30.92823882,2.016619581,2.036674007
388,143,618,10,-2716.34701,-3.2161885,26.38742293,2.033545634,2.024583138
388,144,462,0,-1885.932962,-4.05019875,28.316063,2.294101132,2.156205496
388,160,462,0,-1439.698526,3.99949675,30.73386442,2.111125246,2.268727068
388,160,474,11,-1334.434202,20.48693375,38.6462943,2.008476145,2.325012849
388,160,490,0,-1117.38939,18.82932975,37.63901875,2.048582804,2.326773637
388,163,462,0,-1887.134781,-1.21829125,28.06219532,2.260200565,2.166527941
388,193,462,0,-1557.562179,-3.28276625,27.16755602,2.263651048,2.203618403
388,195,462,0,-1670.630043,1.802933,30.2097325,2.243370046,2.239288573
388,236,555,1,-1189.925506,-1.994446,29.81063622,2.228431634,2.272214182
388,236,603,1,-1263.898893,-3.58296225,32.25740305,2.262235507,2.206297085
388,241,462,10,-1326.132527,-3.13455075,31.99289297,2.233728404,2.194323287
388,245,462,1,-1347.214995,-2.8715655,32.4469959,2.227818208,2.200031363
388,254,462,0,-1418.347742,3.87186325,34.19531758,2.008872773,2.279422314
388,258,462,0,-1386.144043,-3.87700875,31.51187657,2.267677454,2.176973767
388,262,573,0,-1288.584525,1.58349625,8.223331025,2.262708692,2.304059783
388,273,462,10,-1418.353903,-2.8246285,31.7711031,2.22488356,2.184013068
388,273,550,0,-1111.337324,2.44404975,33.48339373,2.219908275,2.245584716
388,288,462,11,-1249.916564,-2.32720925,32.30641707,2.24704553,2.187045222
388,291,462,0,-1646.916437,1.000486,33.38645125,2.162145383,2.201764842
388,291,478,0,-1470.239737,18.18614225,43.03795972,2.033372511,2.219394023
388,291,568,1,-1842.172037,0.0872225,29.82365685,2.113645959,2.253409729
388,292,569,20,-1771.434532,2.02889575,34.4619235,2.022525236,2.223789304
388,292,600,0,-1933.302061,-0.63810475,26.20443137,2.076846793,2.246484459
388,292,604,1,-1542.607559,-1.8427165,23.57100213,2.009067818,2.326033569
388,292,605,10,-1067.002963,-0.95072525,30.90714228,2.029451535,2.190398958
388,292,608,0,-1609.080502,11.222712,37.63613853,2.034336222,2.346091768
388,295,462,10,-1448.431493,-1.693246,32.44680765,2.216759051,2.185530927
388,296,462,0,-1512.973876,3.39985775,33.2988146,2.004454377,2.294341104
388,296,608,0,-1687.668482,6.47761975,35.93753995,2.014784333,2.301828788
388,298,483,11,-1647.408522,14.74028875,25.18002508,2.00754385,2.027981697
388,299,462,0,-1478.90948,-3.89595925,31.15410745,2.285402958,2.177258933
388,300,462,0,-1402.161428,3.0811505,35.50925865,2.184565315,2.223806926
388,300,487,11,-1057.946364,15.897336,42.7283826,2.023427061,2.338615045
388,300,577,10,-1076.519738,5.03506,8.831039675,2.611325572,2.22738239
388,300,608,0,-1576.856942,6.1589125,37.57860305,2.105959164,2.269421247
388,302,488,2,-1699.772383,4.8850875,24.5722223,2.05278115,2.118158424
388,302,489,0,-2391.645577,17.53768375,41.52331905,2.010210007,2.177414609
388,302,579,0,-1566.000817,8.683847,29.38731845,2.005733285,2.440822741
388,303,617,0,-3437.204569,1.88595125,26.1095471,2.325301589,2.05947435
388,304,489,0,-2285.798035,0.31720125,27.91293817,2.309222063,2.063434424
388,304,490,0,-1006.198212,8.697903,35.12894345,2.204047647,2.154804197
388,306,546,10,-2258.854195,3.5337035,26.68335192,2.035651992,2.407040375
388,306,547,0,-2161.123471,3.5650785,27.63621068,2.026623667,2.284215417
388,306,548,1,-2246.277667,1.3500035,30.7337954,2.046267585,2.228567335
388,306,614,0,-1244.053642,5.93194575,29.35069755,2.02176673,2.343415062
388,306,619,10,-2655.461223,0.961581,27.5749855,2.078063305,2.19923033
388,307,584,0,-1181.690517,-0.65881225,31.22154487,2.255721794,2.227764649
388,309,462,10,-1448.399865,-1.00443925,32.8840873,2.229675551,2.193662737
388,332,608,0,-1738.448551,-3.6476575,31.98494255,2.120346776,2.199938101
388,333,466,1,-1907.541405,17.40728925,22.20864315,2.008569077,2.459274111
388,333,471,11,-1634.879039,2.358145,31.7134233,2.029868645,2.257157963
388,366,462,10,-1816.762607,6.55517875,34.50919308,2.01363704,2.312209107
388,384,462,10,-1534.588158,2.4042035,31.36682995,2.020913014,2.270207756
388,385,462,0,-1512.510907,-0.6901245,32.54404505,2.185441547,2.202328848
389,46,483,2,-1646.180416,8.85935875,36.33494197,2.313514686,1.968390924
389,70,483,0,-2083.514674,3.96121925,28.35858868,2.242171182,2.022781471
389,72,483,3,-2093.575371,0.96628725,26.69476615,2.2512262,1.993832186
389,77,483,11,-2102.915799,1.94832475,26.9648798,2.239465148,2.015345685
389,80,483,0,-2008.294377,0.97808425,27.20025505,2.239976591,2.019325863
389,141,480,10,-2093.157229,25.641909,30.20672677,2.201746007,2.055906721
389,141,483,10,-2037.781146,8.15499,34.38319735,2.145999942,2.065715087
389,141,485,0,-2059.780599,2.017287,31.40587927,2.188833931,2.07004507
389,141,492,0,-1908.360754,30.82976525,34.24547993,2.118396548,2.080092932
389,143,475,0,-1315.448618,-2.272554,25.15119145,1.867871724,2.277076387
389,143,478,12,-1521.027292,2.63041725,31.58430263,2.122850827,2.117523045
389,143,479,10,-2192.180909,-1.32528,29.521365,2.162755457,2.067650106
389,143,480,0,-2071.956291,23.0652685,29.08609335,2.198110101,2.05975979
389,143,481,11,-1513.940511,0.60622775,30.07052163,2.056424338,2.102209764
389,143,485,0,-2038.581325,-0.5593535,29.24071562,2.191042563,2.073269838
389,143,490,10,-1375.39256,0.274594,30.2791842,2.135089686,2.097001014
389,143,492,12,-1887.159094,28.25312475,33.5776756,2.057183165,2.0642156
389,143,596,3,-1628.244362,0.719115,30.05800927,2.083891014,2.095614679
389,143,618,12,-2808.592436,-0.18705775,29.95742102,2.153940287,2.081593962
389,160,482,12,-2031.93763,10.91981775,33.22360245,2.068946661,2.250218493
389,160,490,10,-1209.641273,18.60656725,39.59340515,2.001014786,2.316190069
389,160,494,0,-1735.404411,5.5878875,31.40182562,2.120634496,2.197687743
389,176,483,1,-1929.346139,8.415026,29.57027863,2.20374089,2.073492262
389,177,483,1,-1776.807838,11.7898465,33.20515395,2.171720286,2.081638735
389,178,483,10,-1878.389018,14.742485,31.53688873,2.038243446,1.99534045
389,193,483,10,-1968.695777,16.828546,38.41647242,2.154825564,2.102988564
389,201,483,0,-2046.827722,6.75949275,19.29507908,2.06796806,2.028321137
389,223,483,11,-1837.898609,13.14844675,29.67204658,2.010333426,2.012247534
389,237,483,1,-1802.214769,3.743665,19.4330726,2.018477943,1.989905016
389,245,483,2,-1758.361814,13.620515,32.9719122,2.001790538,1.975719987
389,260,483,11,-1857.554329,-2.3108315,12.3311531,2.057534482,2.021434112
389,263,483,10,-1876.240335,9.1003815,29.24608702,2.022381361,1.965063578
389,296,483,10,-1924.101632,18.429173,40.97661595,2.106606949,2.089877374
389,298,483,1,-1739.659898,12.96082425,28.9953694,2.005166181,1.987647571
389,301,483,13,-1928.886151,11.84161525,24.58806668,2.027218112,2.056305502
389,307,483,2,-1814.658921,13.102702,27.95094585,2.01298131,2.010615617
389,308,483,1,-1798.640247,8.40278975,22.80294213,2.016634876,1.987649508
389,323,483,23,-1894.297771,0.12568825,20.15762802,2.023542242,1.985210757
389,324,483,10,-1739.689197,5.06248175,22.553103,2.013511155,1.939003958
389,328,483,10,-1859.582407,14.6030545,33.65891802,2.001853478,1.961373433
389,367,483,10,-1968.2432,24.0075225,43.48140143,2.010305691,2.035298405
389,377,488,10,-1781.081819,5.34862175,19.41151798,2.097444489,2.101942234
390,160,484,1,-1387.715119,12.59511725,37.31957733,2.046600899,2.43843874
390,178,484,12,-1415.258619,0.21027525,31.54630122,2.364248887,2.268494804
390,245,484,10,-1295.244379,4.5575325,34.42890445,2.15505879,2.299201976
390,263,484,10,-1413.116371,-0.5239625,33.80965607,2.250739215,2.277151818
390,273,484,1,-1366.384475,4.07467125,32.61470155,2.094544431,2.278251763
390,280,484,3,-1352.7475,1.91770275,33.7342494,2.172404337,2.276306739
390,291,484,11,-1594.948006,7.05015075,30.54178667,2.058716685,2.314683668
390,293,484,12,-1426.94791,1.01033775,37.03665012,2.28743182,2.254895504
390,296,484,11,-1461.004093,10.03667425,31.79375585,2.030734987,2.385038671
390,298,484,0,-1276.524393,2.1383945,38.54748188,2.277425962,2.262084529
390,300,484,2,-1350.187226,10.0697435,38.00529677,2.04285025,2.303674318
390,302,483,1,-1852.552821,34.16932025,53.02774717,1.994435587,2.210991623
390,304,484,10,-1276.526633,0.04976075,36.62138317,2.241224339,2.240763629
390,306,483,0,-1852.563232,36.084764,52.90918733,2.014528379,2.18135427
390,306,484,4,-1382.410232,21.01290425,32.90377825,2.014615349,2.490091547
390,307,484,11,-1351.529818,0.93641825,33.92002077,2.178069965,2.244196088
390,328,484,10,-1396.469126,1.45347825,30.78968682,2.137605246,2.241915283
390,333,448,0,-2445.855473,0.7822415,30.85854868,2.082092857,2.336792805
390,333,488,15,-1907.39036,14.34910525,20.55959825,2.216969241,2.046085687
390,333,574,11,-1524.458809,6.265964,37.2393389,2.048120163,2.353712233
390,377,483,0,-1841.601588,39.199925,55.5413804,2.015140549,2.142070692
391,138,484,10,-1879.9134,-4.00094,21.3297792,2.419040575,2.067517568
391,160,484,0,-1364.552357,13.178002,33.3497927,2.045437137,2.355636686
391,160,523,11,-1359.041413,-0.66207525,29.10847628,2.263093931,2.163050191
391,263,484,10,-1389.941261,-0.7887675,33.35690855,2.257559219,2.261498961
391,280,484,0,-1329.575582,1.006008,32.438487,2.090023799,2.236611012
391,302,526,1,-1296.941585,-2.40709,8.14177485,2.506506485,2.306653743
391,306,483,11,-1829.404471,36.43785825,43.4249327,2.554504296,1.976066976
391,333,488,10,-1884.218693,14.28761025,19.05141455,2.149947351,2.02979616
391,348,483,14,-1764.016263,9.2805995,23.9825229,2.026746014,2.031814893
391,377,483,0,-1818.432049,38.2477565,52.18216583,2.01277184,2.148491861
392,27,492,0,-1541.436282,37.44449375,45.71511318,2.70060879,1.82901446
392,27,517,10,-1084.231524,-0.919664,46.9898606,3.033148724,1.977107895
392,160,485,0,-1819.877653,21.94574575,37.40970515,2.013968336,2.314713135
392,200,485,10,-1824.175668,3.920118,11.41723073,2.039017331,2.407084484
392,291,485,0,-2027.109461,18.33812275,32.82507092,1.945187693,2.328388803
392,306,526,0,-1260.109938,3.69528475,10.2264428,2.446270011,2.28335894
392,308,485,0,-1767.689149,9.97216725,20.9280286,2.004305099,2.362610285
392,333,488,11,-1847.371947,16.25570125,23.78472862,2.154910988,2.080963514
392,377,483,0,-1781.588081,40.49351625,53.3279369,2.0172243,2.182645519
393,21,483,0,-1669.644854,-3.2799425,10.57079598,2.173225107,2.07366542
393,67,483,0,-1685.749658,-4.01656475,6.781662325,2.154199342,2.037589176
393,160,449,0,-2241.689417,-3.97715775,25.28997563,2.650313488,2.290677467
393,160,450,1,-2813.86572,0.76987975,28.40113945,2.485079095,2.347152171
393,160,451,14,-2515.064082,1.40490975,26.6862196,2.463600428,2.431409871
393,160,483,0,-1873.122042,34.8047895,45.88551708,2.21592702,2.297415091
393,163,486,10,-1774.154432,24.2206215,44.82512992,2.21074206,2.343196446
393,176,486,0,-1405.206203,20.597813,44.42169135,2.330765761,2.265600804
393,178,486,20,-1354.263928,19.471074,40.84207995,2.301635351,2.35940932
393,193,486,1,-1444.571543,26.94102225,47.8026237,2.237462748,2.386211708
393,280,523,0,-1362.465793,-2.18501775,32.29729323,2.801896511,2.177353047
393,292,483,0,-1867.810789,38.665295,53.09556738,2.085615085,2.22591196
393,300,486,11,-1289.183362,32.1466995,55.00801167,2.069326021,2.352195947
393,301,486,10,-1404.747303,19.427149,45.5144073,2.363031288,2.295095474
393,302,483,0,-1867.78152,39.92876625,55.30485683,2.185388666,2.227652183
393,302,486,10,-1321.379295,39.469248,60.09694255,2.069180781,2.380386988
393,304,486,10,-1215.532612,19.277804,44.74757093,2.191224706,2.276809597
393,306,479,1,-2043.397889,40.80538375,52.5396463,2.063854901,2.297290116
393,306,483,10,-1867.791725,47.70901325,59.7088338,2.065018696,2.247975318
393,307,486,0,-1290.524332,25.72630775,52.87298057,2.132568431,2.262615019
393,352,486,1,-1251.453745,23.620857,61.58743702,2.273946966,2.244613264
393,377,483,10,-1856.831397,46.74015325,58.81624643,2.122404912,2.241119919
393,377,485,10,-1878.831843,40.60245025,55.21582712,2.048805235,2.363575425
394,333,488,0,-2039.040873,13.65308225,21.38575848,2.164068587,2.071783515
395,120,492,0,-2577.188165,14.55549,16.11042245,2.733953811,1.938200748
395,200,487,1,-1233.683609,13.38200225,37.90843588,2.530893562,2.387848931
395,256,487,0,-1178.33008,17.76797625,46.84047168,2.4009732,2.391874413
395,258,487,0,-1175.854063,25.366562,52.4892204,2.279630363,2.419807433
395,280,487,11,-1194.441324,19.660077,44.57902442,2.277452492,2.405638309
395,292,483,1,-1887.201842,42.5082305,54.44508142,2.344266815,2.328513097
395,292,487,1,-1224.097501,35.1908275,58.53065863,2.044473858,2.493725088
395,296,487,0,-1302.684453,34.0096215,58.1882507,2.120101267,2.43531065
395,298,487,10,-1118.226431,21.54201225,45.4377017,2.413603599,2.477633624
395,302,479,3,-2062.778444,41.90194,55.08101503,2.057685458,2.245000725
395,302,483,0,-1887.177947,48.8055695,58.69468712,2.291797315,2.38781507
395,304,487,10,-1118.227877,19.6612065,43.56810938,2.38511849,2.445779357
395,306,483,1,-1887.185439,52.97336175,61.47443683,2.341045987,2.420676741
395,306,485,0,-1909.185516,46.83565875,58.10502538,2.038928291,2.411339963
395,308,487,11,-1177.207908,18.115925,40.7816768,2.677875571,2.493343127
395,324,487,1,-1118.25555,13.7511605,39.35779145,2.680659419,2.412722954
395,331,487,0,-1173.603917,13.8415205,42.80582238,2.430137464,2.421500408
395,333,618,0,-2787.466404,52.6370845,67.41615902,2.02480881,2.424178955
395,377,479,12,-2051.825548,45.43570625,55.57592427,2.155462368,2.481334386
395,377,485,11,-1898.222596,46.20163275,57.40910278,2.124105248,2.464956877
396,254,488,1,-1911.643686,0.35886725,30.2710016,2.318901863,2.184646912
396,302,488,10,-1927.666782,8.46629275,29.93661312,2.243966705,2.170432512
396,306,526,10,-1448.704435,-0.305216,8.7275963,2.540677934,2.335073396
396,333,483,1,-2089.418878,42.3654115,57.93790957,1.937449815,2.373353835
396,333,488,0,-2035.96783,16.028358,24.53117125,2.126707287,2.12533426
396,377,483,0,-1970.183298,40.89925775,55.02603975,2.001232149,2.261181674
397,160,453,0,-2075.925956,1.966083,28.07832835,2.256371205,2.146305891
397,178,489,20,-2501.90174,2.34578325,25.01738962,2.359662317,2.155900668
397,254,489,10,-2452.996195,13.7632085,41.35575773,2.137609689,2.141531043
397,263,489,0,-2499.753577,1.2799745,27.77552195,2.364751398,2.12381927
397,280,489,10,-2439.380786,4.7314755,32.69424345,2.318250138,2.108497912
397,292,483,0,-1830.631598,32.18943225,49.83232893,2.009293093,2.186976129
397,293,489,0,-2513.588188,1.523821,31.55181695,2.369067417,2.073298123
397,301,489,0,-2552.387428,4.54554725,30.73195682,2.411537559,2.073921926
397,302,489,10,-2469.015366,23.845753,46.1119881,2.117501167,2.22202035
397,304,489,0,-2363.16684,2.890014,30.57786792,2.364290946,2.08964026
397,306,489,20,-2469.025013,25.81704425,46.3545545,2.025193597,2.2583187
398,143,480,12,-2097.583921,19.9975465,25.70334752,2.284283457,2.027579811
398,143,483,0,-2042.208583,2.5106275,29.41233688,2.082134466,1.974944546
398,143,492,1,-1912.786344,25.18540275,30.43346135,2.031801341,2.03669262
398,144,490,10,-1681.488988,11.99886675,35.74808515,2.215126464,2.184800764
398,160,490,0,-1235.255089,19.845566,39.61734427,2.065612441,2.35415365
398,178,490,10,-1262.799361,8.360559,32.24237442,2.239483895,2.197726448
398,193,490,0,-1353.114143,13.59271675,38.54184692,2.148697888,2.222850017
398,195,490,10,-1466.181223,20.1747525,45.2935022,2.165139448,2.224093664
398,254,490,0,-1213.900234,19.348837,45.6540386,2.013440861,2.260851276
398,263,490,10,-1260.652192,8.543789,34.98798813,2.246102988,2.17092852
398,273,490,0,-1213.91526,12.930014,40.8767556,2.124847074,2.190675299
398,280,490,0,-1200.281944,11.1387525,38.92551298,2.165426639,2.182726673
398,291,490,0,-1442.47154,16.33376225,44.61499273,2.064524836,2.218458767
398,293,490,0,-1274.490729,7.77177575,36.56007015,2.268506894,2.155858128
398,298,490,10,-1124.07075,11.83759925,37.42504752,2.222917421,2.194994405
398,304,490,0,-1124.070987,8.46428475,34.6887522,2.222823469,2.180313344
398,324,490,10,-1124.099851,3.9204945,32.28838272,2.270554144,2.143547628
398,377,483,10,-1860.155467,38.7329395,54.44993828,2.018153019,2.221887334
399,160,454,12,-2168.626001,-3.99560625,25.53923745,2.633439604,2.320586597
399,160,456,1,-2793.631087,7.78507875,27.45738572,2.577656195,2.421328808
399,184,492,10,-1974.620394,56.333436,65.30140245,2.688685835,2.335152405
399,195,483,0,-2181.453268,39.89764225,49.5031738,2.396113437,2.213817197
399,292,483,10,-1945.2045,42.670502,57.97838332,2.084027944,2.222969366
399,296,483,1,-2023.793482,37.7253,51.44318418,2.169987515,2.156617747
399,306,479,10,-2120.796126,43.33860125,55.03673235,2.059241269,2.354992386
399,306,485,0,-1967.196736,44.10452775,54.63483115,2.024410526,2.416810197
399,313,483,10,-1914.361523,32.713583,43.72813442,2.274968456,2.156326482
399,366,483,0,-2327.580993,42.86759975,54.6098943,2.274058428,2.21254236
399,367,483,3,-2067.934001,42.3169685,51.95912095,2.386366937,2.306345766
399,377,479,13,-2109.831246,43.08471475,56.89990535,2.076219835,2.318979817
399,377,485,1,-1956.229669,43.85064125,57.86978817,2.047776819,2.381772055
400,67,483,11,-1799.107534,-2.17384825,9.4636789,2.273332699,2.073216477
400,71,492,20,-2664.745345,18.0161525,24.5593962,2.500458217,1.928666852
400,89,492,12,-2322.607691,16.0784325,24.10406337,2.498872706,2.011096549
400,91,492,2,-2285.460706,11.50082,18.5977195,2.545162701,1.951456159
400,92,492,0,-2437.885272,14.2323275,18.95688167,2.537089088,1.977850986
400,114,492,10,-2319.289552,19.825235,24.59449855,2.564630179,2.065627094
400,120,492,0,-2671.149218,10.3481025,16.13722925,2.550122837,1.972232209
400,121,492,0,-2935.262987,17.566235,24.92079228,2.694494267,1.941809364
400,122,492,10,-2670.018268,12.6002,17.32961102,2.725266594,1.920959022
400,132,492,10,-2455.10219,10.0971025,19.9346459,2.722597299,1.937946347
400,139,492,0,-2366.6685,22.4826975,26.12916275,2.54413925,1.910860743
400,160,456,10,-2829.595175,11.7318655,30.01481217,2.633920804,2.444791579
400,160,457,11,-2354.55869,14.753278,32.61155778,2.816762418,2.391517607
400,178,535,1,-1927.505678,2.0791585,28.0570561,2.769875337,2.37660591
400,254,483,11,-1965.129794,36.909299,52.5804589,2.173281512,2.241950595
400,292,483,11,-1981.170819,41.930554,55.94278588,2.149427147,2.260396434
400,294,492,0,-1856.570852,38.42301725,39.6307916,2.57296866,2.129084062
400,302,479,10,-2156.74658,37.950949,53.40197563,2.050023991,2.222018025
400,302,483,1,-1981.144476,44.8545785,58.02332487,2.112705452,2.327147453
400,306,483,1,-1981.155824,49.837807,59.71936325,2.121768042,2.348431834
400,306,485,0,-2003.155983,43.700104,56.29831483,2.030650204,2.411322681
400,336,492,0,-1727.672117,27.7858255,32.1053347,2.614347836,2.072152973
400,366,483,11,-2363.547838,42.03239725,53.54588648,2.272133775,2.28450203
400,377,479,0,-2145.792133,44.9060335,59.56037985,2.177389927,2.35806914
400,377,483,10,-1970.191582,51.809663,63.20793695,2.146042472,2.266286754
400,377,485,0,-1992.194629,45.67196,57.9748756,2.045782463,2.455050886
400,384,483,10,-2081.374531,35.7616015,49.50717097,2.264719058,2.205679272
401,85,493,0,-1572.771745,-3.05774475,29.77096567,2.358467153,2.200479627
401,141,480,0,-2154.461762,24.33696,27.92090115,2.213484757,2.039780227
401,141,483,0,-2099.086196,6.850041,31.77286638,2.154111678,2.045621502
401,141,492,0,-1969.663026,29.52481625,33.3784067,2.135558038,2.059936667
401,143,478,1,-1582.331898,-0.9468975,30.56699962,2.093796843,2.030199985
401,143,480,11,-2133.262101,19.48795375,27.3126654,2.214189494,1.993690429
401,143,481,0,-1575.242627,-2.971087,30.61553047,2.131585972,2.046555809
401,143,483,0,-2077.887187,2.00103475,30.75589595,2.146275892,2.000884402
401,143,486,0,-1531.490153,1.5415165,32.28992638,2.111858521,2.078154732
401,143,490,0,-1436.697759,-3.30272075,28.88935328,2.157714579,2.032696768
401,143,492,1,-1948.464534,24.67581,32.03616538,2.098794666,2.00665058
401,152,498,0,-1892.145371,12.96245575,41.42115577,2.476803368,2.277712587
401,152,584,0,-1457.862716,11.87324125,37.9665612,2.413198934,2.251093098
401,152,608,12,-1854.37433,10.73847025,37.86466148,2.460202343,2.231053476
401,160,457,2,-2280.190324,2.5635885,28.9370621,2.236363051,2.259747962
401,160,585,10,-1289.585423,-3.43625275,22.1531094,2.223904987,2.349966862
401,171,474,12,-1575.593841,27.16491425,46.09375922,2.332169565,2.241834579
401,171,477,13,-1872.520291,26.9745935,46.14818857,2.301477345,2.263828477
401,171,478,12,-1504.184425,27.8631335,45.9748919,2.2948251,2.257868441
401,171,481,0,-1497.093164,25.838944,47.27177125,2.27483274,2.258358475
401,171,490,12,-1358.548193,25.50731025,45.6107913,2.325430965,2.242724086
401,171,497,15,-1378.388481,17.08048725,45.2833618,2.385223158,2.332631112
401,171,499,10,-1298.602736,1.14173625,38.4929835,2.668848756,2.310938165
401,171,554,0,-1488.319103,16.22834225,44.73455657,2.389652517,2.283999464
401,171,606,0,-1335.740969,16.95586575,43.93072908,2.438922381,2.32505029
401,171,608,0,-1855.550631,13.75523925,42.16279803,2.485744244,2.253973925
401,193,493,11,-1330.060797,9.8257715,35.21699425,2.172684677,2.395367749
401,261,493,1,-1463.222058,1.89486175,34.32263105,2.290751989,2.341057044
401,263,493,10,-1237.591288,4.98002825,35.10552515,2.25233309,2.372431138
401,304,493,1,-1101.010679,2.76884375,36.09034247,2.179300541,2.304261922
401,333,488,0,-1961.615135,16.6399195,21.65144825,2.120221606,2.045223581
402,66,514,0,-2269.616083,-3.84525725,36.16706063,2.753288257,1.892441679
402,141,480,0,-2132.462745,24.98485375,27.32685945,2.234401492,2.06498431
402,141,483,10,-2077.085259,7.49793475,32.3843212,2.171412119,2.076954332
402,145,494,10,-1852.073966,6.184891,37.84511485,2.528735119,2.108609143
402,160,457,2,-2258.200275,0.34769775,26.3260597,2.23225013,2.260411637
402,160,459,0,-2337.238686,-2.33862975,27.6503357,2.251726343,2.236357194
402,160,494,0,-1774.699691,9.21979475,33.63461495,2.163837538,2.235686405
402,163,494,10,-2222.133723,5.1792595,30.67118345,2.377808015,2.14073576
402,193,490,11,-1366.797435,16.5922295,39.7405288,2.178301444,2.263697518
402,193,494,10,-1892.561042,3.57354975,31.25428782,2.352270991,2.173053934
402,263,494,10,-1800.092925,-3.8828445,29.03978385,2.445396278,2.134564918
402,306,526,1,-1352.3621,-0.65266275,8.2579251,2.581675961,2.279071282
402,333,488,12,-1939.622243,14.64616375,17.0197327,2.163406025,2.009238348
402,377,483,0,-1873.839872,36.431144,52.93535407,2.008568916,2.188088551
403,74,490,13,-2397.608272,5.65672425,34.6515038,2.31586321,2.060783926
403,145,495,0,-1309.214434,13.24734075,42.99603017,2.332935963,2.33095122
403,155,495,11,-2179.695503,5.18107925,33.1077283,2.484284855,2.300388049
403,160,495,0,-1231.859907,18.583538,33.29438445,2.370916955,2.402298531
403,160,527,11,-1190.201317,0.4817945,29.63658028,2.324123926,2.25471328
403,160,530,10,-1670.904404,0.800941,29.86637705,2.393600494,2.23959208
403,160,531,1,-1917.930355,2.59703425,29.76566958,2.432221713,2.288108112
403,160,532,0,-1770.15126,-0.19245425,27.62615812,2.419615824,2.252989781
403,160,533,1,-1749.261534,0.637038,28.31777607,2.316631985,2.275523358
403,160,538,11,-2220.660588,8.91520625,33.9947623,2.258274251,2.3906527
403,160,584,1,-1296.476885,16.3527755,35.83004292,2.115045038,2.496064068
403,160,586,11,-1368.232766,1.854137,22.54796378,2.301001246,2.473075521
403,163,495,10,-1679.278219,14.75170925,39.297062,2.312907233,2.361491194
403,178,495,10,-1259.388084,4.023028,33.53260855,2.355514509,2.307193576
403,193,495,10,-1349.70685,14.0064275,38.90663777,2.235049001,2.4174788
403,223,495,13,-1218.890602,7.4109005,35.7515866,2.383262131,2.331069204
403,237,495,3,-1183.212861,-3.670122,31.9399257,2.373071194,2.235203576
403,263,495,1,-1257.234615,10.11348025,42.07620302,2.341758398,2.373898043
403,263,584,11,-1321.862032,7.88271775,38.06206043,2.448634438,2.372042481
403,280,495,1,-1196.881232,7.7256545,38.795815,2.164362077,2.358571186
403,297,495,10,-1231.379861,-3.36622375,29.83015775,2.554988504,2.218786953
403,300,495,0,-1194.320454,16.0023795,43.65970555,2.0817993,2.417899502
403,302,495,14,-1226.547694,24.79760775,30.73353185,2.283756749,2.353585154
403,304,495,10,-1120.666981,5.61242275,37.6262805,2.298765178,2.325197834
403,306,483,10,-1831.85465,41.52838925,52.8057565,2.033476477,2.247701016
403,324,495,12,-1120.68707,-1.2084395,34.8496181,2.349064889,2.239839448
403,366,483,0,-2214.231771,38.9151655,50.72040458,2.193002942,2.120858515
403,377,483,1,-1820.887185,42.89357825,54.7232208,2.057541454,2.196840377
404,74,479,0,-3289.66184,1.26761275,17.8181637,2.116725246,2.17702564
404,74,483,0,-3114.05624,8.17124225,24.63314627,2.35218809,2.059139081
404,74,485,10,-3136.059292,2.03353925,19.39719843,2.043623927,2.311012731
404,145,496,1,-1548.351247,5.28524425,33.23918328,2.687762273,2.280534796
404,155,496,10,-2418.831426,5.804124,32.2199413,2.648699732,2.236863085
404,160,453,0,-2152.40857,7.00898675,23.24826005,2.493573411,2.432595789
404,160,458,3,-2245.059511,1.08475925,22.8750356,2.552632951,2.415305107
404,160,459,2,-2359.53542,4.07793425,25.0473904,2.583476502,2.451199341
404,160,460,0,-1801.510953,5.35188475,28.6984615,2.681623982,2.420733347
404,160,461,1,-1784.226867,2.23245675,25.00814027,2.713267619,2.36994061
404,160,479,10,-2088.022147,27.0551645,38.14450765,2.320344383,2.443028501
404,160,489,10,-2550.830712,20.27433675,33.51156847,2.376838025,2.400533359
404,160,523,0,-1436.746157,5.046857,24.75709635,2.75193206,2.331340062
404,160,532,10,-1845.407165,1.49250875,22.22694733,2.637010685,2.366584589
404,163,496,10,-1918.412246,13.5330415,35.80432798,2.748499195,2.307259886
404,176,496,10,-1549.463638,3.9591485,32.34642647,2.705336802,2.178571209
404,177,496,10,-1396.946534,-2.896791,24.2295069,2.713796862,2.21700523
404,178,496,1,-1498.526619,6.84546025,26.70515128,2.659835378,2.282810121
404,193,496,10,-1588.839958,14.68193125,36.16245478,2.655158743,2.355455946
404,200,496,11,-1475.254546,-1.9614395,25.4146034,2.654368916,2.220168959
404,262,483,1,-1989.703693,39.085218,50.19517453,2.467944268,2.325893808
404,264,496,20,-1435.996018,13.20680425,38.08689688,2.770638982,2.373943567
404,280,496,10,-1436.003573,9.065618,42.62406073,2.562562894,2.269006206
404,295,496,0,-1479.719549,5.68671875,35.57567325,2.341309738,2.307209194
404,296,483,0,-1985.6949,40.62717375,52.41378863,2.322857158,2.318196864
404,298,496,0,-1359.796534,3.0281895,30.97174968,2.557431303,2.283327445
404,301,496,1,-1549.015251,3.66604325,31.1845161,2.756600178,2.232615769
404,302,483,20,-1907.089265,44.11808175,56.93828325,2.167584928,2.333554245
404,304,584,1,-1260.542446,8.0855885,36.1064755,2.410069797,2.369292922
404,306,479,0,-2082.701006,44.42154075,54.59996097,2.082921582,2.268082221
404,306,483,1,-1907.100324,51.32517025,58.3291119,2.108893401,2.314567205
404,306,485,10,-1929.103014,45.18746725,53.32097792,2.08637651,2.439998663
404,306,496,10,-1465.661202,32.9097395,50.24966035,2.151376697,2.492748837
404,324,496,0,-1359.819583,0.0992705,32.44062677,2.668227235,2.203848246
404,331,496,1,-1415.165093,-0.0204565,34.2319573,2.691697895,2.273655349
404,367,483,1,-2029.831523,43.869027,53.584735,2.347306429,2.266605889
404,377,483,1,-1896.128423,44.84435025,58.22661605,2.163558313,2.147596969
404,377,485,10,-1918.130313,38.70664725,53.71976045,2.043397489,2.348537152
405,74,617,11,-4866.704423,-0.2892775,26.7323283,2.454093742,1.953399446
405,145,497,1,-1409.854191,13.1281785,45.82805063,2.383095043,2.373415142
405,155,497,3,-2280.332429,11.58082625,38.9774888,2.439071644,2.335754476
405,160,526,11,-1421.375124,-3.552654,14.6324466,2.483878869,2.422366214
405,193,497,11,-1450.350081,12.89016775,36.97206155,2.223612862,2.452229137
405,263,497,0,-1357.871885,10.01320575,45.6436472,2.144674601,2.331818996
405,333,479,10,-2232.387052,43.48895025,56.23625507,2.005637282,2.288663456
405,365,483,0,-2238.667226,35.11973175,45.78595793,2.272672794,2.142456782
405,377,483,10,-1937.553707,41.42660875,54.14257623,2.045224586,2.200992518
406,377,483,0,-2087.746745,39.1917675,54.25719538,2.05079533,2.188192094
407,21,492,13,-1582.800576,26.242301,34.29276205,2.616183425,1.868865431
407,160,462,12,-1596.84508,1.52438575,31.0814555,2.108769035,2.266467109
407,292,483,1,-1910.413422,30.4785535,49.7480494,2.021129507,2.140564942
407,306,499,0,-1209.286972,6.263203,31.88203883,2.039192439,2.431556052
407,333,488,11,-1965.218585,12.630069,24.18095723,2.125721154,2.10260877
407,366,483,1,-2292.796724,27.76304725,42.13331808,2.031106221,2.033941375
407,377,483,2,-1899.44156,38.1450975,52.15041433,2.013764085,2.266944276
408,184,483,2,-2182.401606,26.656702,37.3348695,2.148682905,2.077555443
408,306,483,10,-2023.521434,38.483822,50.88119517,2.022352482,2.254910885
408,333,479,1,-2307.388517,41.09666925,56.4766064,2.023986662,2.364859241
408,333,483,12,-2131.785329,48.00029875,61.77863,2.028315596,2.332801866
408,333,488,10,-2078.336391,21.66324525,27.04776627,2.562272712,2.209913175
408,366,483,1,-2405.903322,38.77629975,50.63564815,2.202008501,2.136798944
408,377,483,0,-2012.556022,39.8777505,53.6001966,2.038028319,2.21304147
409,4,492,0,-1662.668425,-1.5934735,12.11063077,2.651368435,1.825048757
409,6,492,11,-1775.999666,3.8803345,15.2013883,2.615159613,1.836026853
409,12,492,1,-1626.742774,-1.50267425,12.36882193,2.65056362,1.827314663
409,27,492,1,-1700.776899,9.50355025,21.83780947,2.633457082,1.832584028
409,114,480,0,-2474.820378,7.04964875,15.46683335,2.643996974,1.835552096
409,114,492,0,-2290.018459,12.237505,22.92138903,2.432149998,1.899592669
409,137,480,0,-2669.820703,9.11286875,16.7226993,2.610252266,1.855361293
409,145,501,0,-1487.22026,7.2419775,44.28933905,2.18603501,2.315612136
409,160,465,10,-1902.560998,4.240896,33.15802243,2.212354019,2.317393665
409,160,466,0,-2003.20043,7.4339925,31.44122008,2.139590382,2.355588114
409,163,501,3,-1857.283283,4.29366875,35.44191535,2.154377505,2.287815822
409,178,501,0,-1437.3962,1.26284375,33.83893522,2.358214831,2.321367052
409,193,501,3,-1527.715599,6.6210035,35.21403873,2.149478946,2.343195684
409,223,501,11,-1396.905392,2.00078375,33.4726823,2.293818135,2.308829356
409,245,501,0,-1317.380169,2.97435,35.74788435,2.040856511,2.327975972
409,263,501,2,-1435.249574,-1.971856,34.95132957,2.131636072,2.274242642
409,273,501,1,-1388.518331,1.897811,34.5977898,2.046074023,2.298585822
409,280,501,1,-1374.882462,-0.2503725,35.47525442,2.097744751,2.275466375
409,292,480,0,-2007.269075,45.9715285,48.45531155,2.038292634,2.185080778
409,292,483,10,-1951.897343,28.4846095,49.901812,2.001728913,2.15566504
409,293,501,11,-1449.087172,-0.97519775,34.42376523,2.149483522,2.218463171
409,296,488,0,-1977.015178,-2.2596275,24.41600618,2.408066462,2.138631361
409,302,483,0,-1951.873635,32.19821725,52.28743523,2.006968635,2.175139329
409,304,501,2,-1298.664202,-1.39549725,36.29940038,2.128229245,2.250922148
409,306,537,10,-1963.242548,3.98719775,24.43159328,2.087307837,2.319490721
409,306,544,2,-2283.30109,-3.74272375,31.8268753,2.181724145,2.254118535
409,306,592,10,-1860.860086,12.289964,13.12651562,2.333028908,2.319969168
409,307,501,1,-1373.664805,0.0571025,36.29658917,2.126387054,2.256724853
409,328,501,10,-1418.601957,1.0771665,34.07038233,2.05078709,2.268624699
409,333,445,1,-2481.694715,-2.55310925,30.04700293,2.117372106,2.28928572
409,333,472,0,-2191.638143,1.970601,37.7063746,2.083583753,2.267106885
409,333,488,12,-2006.708657,12.0052045,19.9463927,2.189949745,2.056286204
409,333,514,1,-2453.405545,11.76016575,44.9849228,2.001572857,2.308491744
409,333,533,12,-1972.2804,6.705465,18.8858424,2.096769886,2.311108229
409,333,537,14,-2071.52462,7.21493225,20.00574793,2.159587614,2.292684508
409,333,543,1,-2429.696236,-3.47992675,16.75315815,2.352094336,2.243354883
409,333,544,12,-2391.58036,-0.51498925,29.15963635,2.07192562,2.337621791
409,333,590,5,-1704.121643,-3.0919435,22.20931457,2.18450257,2.330999109
409,333,591,10,-1854.598769,5.390978,35.4741563,2.022526023,2.337652579
409,333,619,10,-2962.37168,5.65396325,33.2015772,2.048498188,2.333869972
409,366,483,2,-2334.273955,29.24080975,49.23048113,2.031392965,2.03309936
409,367,483,10,-2074.62659,29.73879375,49.13472463,2.052809147,2.065728287
409,377,483,1,-1940.92381,38.336485,55.9991291,2.000337701,2.190791725
409,377,488,12,-1887.466115,11.9994315,26.763628,2.340121298,2.174352083
409,377,526,10,-1408.49007,2.988908,8.966265925,2.354503414,2.492223754
409,377,598,10,-2744.710588,3.13254275,40.64859033,2.281739772,2.284907404
410,46,492,0,-1754.779537,29.24532775,40.08134915,2.54425822,1.868133987
410,195,483,10,-2319.790888,32.26410475,49.5547794,2.208926876,2.083770443
410,296,483,0,-2162.13124,32.76171225,50.201506,2.127521539,2.01089213
410,302,483,10,-2083.526292,36.3604875,52.8912722,2.009052979,2.119509559
410,306,483,0,-2083.538387,39.054847,53.89214725,2.009801191,2.148678714
410,377,483,10,-2072.573514,40.33977875,55.84963978,2.043675142,2.219676549
411,152,490,0,-1664.571184,21.36869675,43.44784273,2.37742665,2.210804265
411,171,484,0,-1836.763821,13.55651,41.67007247,2.404074036,2.240573015
411,171,490,11,-1665.751576,23.32461425,44.63479035,2.351348671,2.217940516
411,171,554,11,-1795.52596,14.04564625,41.57833825,2.411283858,2.27597138
411,189,512,12,-2024.138549,0.259283,31.99481312,2.646596166,2.328203158
412,160,467,10,-1634.936501,6.65670825,31.95304045,2.187706961,2.312735039
412,160,468,10,-1908.642043,5.112368,33.473862,2.229502524,2.247921538
412,195,526,11,-1573.689341,-3.2666395,20.16984545,2.435235983,2.428381706
412,333,488,0,-1924.720012,17.82934575,27.33090683,2.220809052,2.146530851
412,377,483,10,-1858.938201,42.37676925,54.87031935,2.049240239,2.186195265
413,27,492,0,-1814.049408,21.92026925,27.23462322,2.762424331,1.874327507
413,74,483,11,-3272.13746,9.57809725,28.8892717,2.109662558,2.005530979
413,74,485,0,-3294.138444,3.44039425,24.95134525,2.012586603,2.270109469
413,74,492,0,-3142.703742,32.2528725,37.11351887,2.309226031,2.055766465
413,138,596,11,-2197.500583,6.74945275,29.83030207,2.589812258,2.016194344
413,160,483,0,-2070.498775,33.197762,43.8499008,2.1014944,2.265382441
413,160,526,1,-1538.031465,-2.149815,17.88167925,2.527766075,2.403894729
413,163,505,10,-2385.670441,8.73938075,33.23080615,2.476044767,2.238435353
413,195,483,10,-2301.431356,39.50796475,47.9837453,2.165458247,2.304902148
413,195,526,1,-1768.96108,4.16038775,23.87736645,2.40173371,2.499827796
413,263,505,1,-1963.623145,3.406321,38.83046555,2.45943934,2.224677434
413,306,483,10,-2065.182077,39.575672,51.25632722,2.02777659,2.292346319
413,333,488,12,-2119.991193,21.89717725,28.20804515,2.414022284,2.127297139
413,377,483,0,-2054.214345,41.1089055,52.87080315,2.070417628,2.258262403
414,27,479,2,-2042.899573,17.56541925,33.51195752,2.121446672,2.195660884
414,27,483,10,-1867.300613,24.46904875,36.16081073,2.236241729,2.018312518
414,27,488,0,-1813.772868,-1.86800475,50.88104457,2.677700765,1.88624444
414,27,490,1,-1226.087168,19.16529325,49.36508615,2.710164499,1.89865237
414,27,492,10,-1737.854027,47.143824,52.459251,2.65974944,1.893538317
414,27,506,1,-1206.639164,6.69009125,52.58847207,2.938087166,2.016505154
414,27,508,2,-1438.803916,14.267844,52.3154782,2.869032233,1.995756014
414,27,582,10,-1281.841348,7.28081975,52.86184872,2.97409085,2.084214601
414,100,486,11,-1885.84867,15.8773815,30.75968605,2.458940338,2.049426159
414,145,506,0,-1411.035891,11.720947,47.7405765,2.362436132,2.392470166
414,163,506,2,-1781.098911,14.52028725,44.87630882,2.274356304,2.389862525
414,178,506,2,-1361.215757,-2.12929575,31.40026942,2.39782361,2.289391964
414,195,483,10,-2225.230014,37.67541375,53.20965942,2.330804358,2.088097733
414,263,506,10,-1359.065269,11.48946225,42.901171,2.353861384,2.461617843
414,280,506,4,-1298.720387,-1.54923475,29.02303587,2.229399061,2.395454584
414,304,506,1,-1222.49978,-3.3645295,33.75363915,2.348316368,2.357499815
414,306,483,1,-1988.98661,37.1438585,54.22898925,2.051727398,2.121821857
414,366,483,10,-2371.360391,42.75276725,57.18366085,2.2640137,2.249426891
414,367,483,1,-2111.710797,43.97011725,56.32975885,2.207182868,2.199347722
414,377,483,11,-1978.018049,39.78619825,54.72393615,2.080545711,2.129876299
415,85,596,4,-2139.394498,-4.07052975,20.97618295,2.37280779,2.023436978
415,143,479,10,-2508.529216,-2.33235475,25.9854527,2.193053951,2.059894977
415,143,483,10,-2332.929548,4.57127475,29.07821822,2.145420111,2.038222429
415,143,486,2,-1786.532816,4.1117565,30.4231327,2.125616014,2.144676136
415,143,490,0,-1691.738502,-0.73248075,28.22786788,2.185714477,2.102028771
415,143,492,11,-2203.504292,27.24605,31.9924349,2.037894449,2.021339179
415,143,618,0,-3124.94002,-1.1941325,26.87489003,2.198542833,2.07561102
415,304,507,0,-1512.028224,-4.03400925,25.38733852,2.136269379,2.36386485
415,333,488,1,-2216.650575,9.64975775,21.06293483,2.1288681,2.123412219
416,27,508,11,-1319.739532,6.9515705,48.36645755,2.748411227,1.98205953
416,27,517,0,-1161.58648,1.46339275,48.78481808,2.902985235,2.001797834
416,143,479,0,-2216.591515,-2.57758175,28.2299449,2.189230039,2.044784682
416,143,480,0,-2096.371914,21.81296675,24.64632377,2.262652991,2.021778702
416,143,483,10,-2040.992652,4.32604775,30.81776745,2.164946978,2.03851242
416,143,492,0,-1911.5737,27.000823,29.7760798,2.048814841,2.025210608
416,304,508,10,-1335.583094,3.2287385,32.39015695,2.115718011,2.359056711
416,306,483,1,-1869.91043,34.3075585,46.8172228,2.028873576,2.189916544
416,333,488,0,-1924.725219,15.17677775,23.46157868,2.133822233,2.126149041
416,377,483,1,-1858.944452,38.09207375,52.2257206,2.011122693,2.191856802
417,141,480,1,-2728.10114,25.87590375,27.867275,2.225298661,2.076094595
417,143,480,10,-2706.899643,24.35358875,28.48755875,2.235833892,2.087253085
417,143,481,0,-2148.881532,1.894548,30.93485268,2.166590772,2.152539637
417,143,485,0,-2673.490099,0.72896675,50.33986348,2.227923197,2.099106071
417,143,490,10,-2010.333253,1.56291425,31.34941683,2.189746447,2.138705676
417,143,492,0,-2522.102138,29.541445,33.1722102,2.124556313,2.100697158
417,143,617,10,-4362.753464,-2.30418,26.5254039,2.218638793,2.080099383
417,143,618,10,-3443.534653,1.1012625,30.07131855,2.195445802,2.114293625
417,160,475,0,-1784.626854,15.37029875,36.80766282,2.037534641,2.483689423
417,160,476,0,-1822.696406,4.89983375,37.23565547,2.161916594,2.314040782
417,160,477,0,-2358.547322,19.38473,39.6952735,2.048639852,2.379222105
417,160,478,0,-1990.209892,20.27327,40.50255852,2.050597398,2.348023644
417,160,486,10,-1939.367248,22.761684,42.78961405,2.016811664,2.448122092
417,160,490,0,-1844.572977,17.91744675,40.5672977,2.077752354,2.32502657
417,160,509,0,-2121.675023,9.08425475,33.49310115,2.072569609,2.282413475
417,377,483,0,-2469.474467,33.97592475,51.81426258,2.002463907,2.177466328
418,160,474,0,-1771.948557,28.46898475,46.13351135,2.051190105,2.441268169
418,292,483,10,-2190.777106,35.666598,53.69649902,2.006087066,2.210188394
418,302,483,11,-2190.757043,38.99680325,54.58166935,2.011812056,2.236669067
418,302,510,4,-2105.167421,-2.17366,20.99724813,2.519749118,2.475943499
418,306,510,10,-2105.181765,0.13572825,17.48293438,2.644708302,2.492283487
418,333,488,1,-2245.583572,20.87221875,27.91037798,2.334461553,2.142137477
418,333,544,10,-2630.452697,8.352025,38.74148605,2.195281966,2.377402785
418,333,602,10,-2899.387995,12.5456075,36.68448458,2.091328721,2.301366403
419,292,483,2,-1962.202224,30.8640895,48.57614923,2.040185018,2.132059303
419,302,483,0,-1962.177752,36.0309245,54.43797813,2.058494606,2.18300046
419,306,483,0,-1962.187412,38.95890225,55.18297123,2.031969043,2.201435146
419,333,488,10,-2017.005535,17.83813075,25.56690392,2.346057658,2.070503645
419,377,483,11,-1951.224388,38.18030025,54.95516363,2.03338895,2.192199374
420,143,479,0,-2667.775767,-2.84753225,28.4869438,2.201824184,2.082677559
420,143,480,11,-2547.552483,21.54301625,27.21489462,2.232415589,2.071680266
420,143,483,10,-2492.177265,4.05609725,30.8488287,2.176022017,2.07417839
420,143,485,0,-2514.138577,-2.08160575,51.80455515,2.198784522,2.10171274
420,143,492,0,-2362.755851,26.7308725,31.35153778,2.136206357,2.080869034
420,160,476,10,-1663.344618,6.34057375,36.05308153,2.046706434,2.291982129
420,160,477,11,-2199.189578,20.82547,42.25046605,1.99158925,2.338602828
421,141,483,0,-2173.374034,4.948465,31.93447272,2.182355448,2.030436379
421,141,485,10,-2195.340292,-1.189238,49.78674733,2.204198607,2.05405869
421,141,492,10,-2043.953735,27.62324025,31.73791463,2.135785869,2.060410047
421,143,480,10,-2207.554051,19.408324,25.74084692,2.206835143,2.030132503
421,143,483,0,-2152.178889,1.921405,29.33917038,2.14796518,2.036723847
421,143,490,10,-1510.986905,-3.3823505,29.0771201,2.171429821,2.090266696
421,143,492,0,-2022.756122,24.59618025,30.6917027,2.103621762,2.043482465
421,160,476,11,-1323.356087,6.78873425,33.3532063,2.034845582,2.281553679
421,160,494,0,-1870.988861,6.7876675,32.8453078,2.301164971,2.154319954
421,333,488,10,-2035.917706,7.97445825,14.56711757,2.08640121,1.942411098
422,11,483,11,-2493.890229,4.04291975,18.6666441,2.391157387,2.148452155
422,11,492,10,-2364.449132,26.717695,31.52091257,2.5541695,1.963110649
422,195,483,0,-2831.236378,38.38662225,53.91893523,2.290495973,2.219769903
422,292,483,0,-2594.994857,36.35163975,50.00812305,2.202810576,2.172404429
422,302,483,0,-2594.972366,40.80688975,56.780718,2.134361381,2.186572143
422,306,479,0,-2770.586597,37.55280025,52.1870164,2.058016774,2.338936369
422,306,483,0,-2594.981244,44.45642975,58.84733278,2.095643779,2.290973281
422,306,485,10,-2616.98613,38.31872675,52.46117115,2.004493623,2.381287351
422,306,514,10,-2988.239143,17.8743375,42.91240325,2.218211162,2.312091804
422,366,483,10,-2977.354512,41.75817975,62.9165887,2.205485937,2.209313989
422,367,483,10,-2717.714582,42.01608225,56.08536643,2.206655791,2.196312381
422,377,483,0,-2584.018168,46.54851475,59.74930755,2.160636727,2.264564618
422,377,485,10,-2606.017603,40.41081175,56.7829519,2.117888616,2.338900597
423,6,480,1,-1946.677384,18.612905,22.27405375,2.269136216,2.025469078
423,6,483,12,-1891.299444,1.125986,27.6158483,2.20515192,2.030006934
423,14,480,0,-1874.766181,25.995819,29.08112983,2.282538663,2.052647069
423,16,480,0,-1875.996169,22.97371625,24.98575107,2.281329074,2.034844083
423,21,480,10,-1794.968682,18.70320225,22.4157809,2.27633032,2.026234341
423,25,553,10,-1097.456762,-3.79992665,28.18590695,2.45220989,2.322070185
423,28,480,0,-1872.640978,22.1606645,25.13048395,2.267879142,2.034594742
423,29,480,0,-1758.136838,20.2372515,23.89016118,2.283964027,2.024104337
423,35,480,0,-1874.808136,26.6226915,28.84492628,2.285951808,2.043570322
423,36,480,10,-2063.357066,23.868845,26.42635303,2.290368754,2.026191313
423,54,480,0,-1771.75112,18.717823,25.34670162,2.237080319,2.016392515
423,61,480,0,-1947.198623,18.22492175,21.32507922,2.277432968,2.030266589
423,62,480,10,-1924.342162,12.79190125,18.61711552,2.24428463,2.033902694
423,70,480,10,-2231.141426,27.08497075,28.10437587,2.210201139,2.078994883
423,74,479,1,-3320.311577,3.13317025,31.9972792,2.170618251,2.079401472
423,74,480,12,-3200.090109,27.52371875,29.5854704,2.187865299,2.066021503
423,74,483,0,-3144.713697,10.03679975,33.96831945,2.151820872,2.067778884
423,74,492,10,-3015.29101,32.711575,35.2707208,2.134322489,2.067933221
423,75,480,12,-2197.159555,23.89287825,25.3709294,2.228969064,2.064446344
423,77,480,10,-2250.542881,29.07540075,29.87383802,2.236631382,2.076139565
423,77,483,1,-2195.166861,11.58848175,34.01081375,2.178850132,2.088679153
423,86,479,0,-2405.967569,0.143572,26.61228127,2.216437155,2.088535802
423,86,480,10,-2285.743828,24.5341205,25.62646622,2.230797624,2.082674034
423,88,480,10,-2347.583046,26.33586125,29.1071648,2.260785914,2.038984612
423,88,483,0,-2292.207666,8.84894225,32.84281035,2.172524653,2.030417679
423,89,480,2,-2464.033077,25.86084375,26.88477315,2.226845482,2.070726718
423,90,480,0,-2268.041547,27.4045565,29.87051855,2.190398904,2.084205388
423,92,483,1,-2523.930044,7.14465225,29.80815133,2.158265152,2.005564815
423,95,492,1,-2045.149883,33.018548,34.87947455,2.159863122,2.093933622
423,99,492,1,-2240.841078,29.8759025,32.74198365,2.159400556,2.059006837
423,106,478,0,-1529.7757,4.96835675,31.28161545,2.169380564,2.114431541
423,114,481,11,-1902.686837,5.620643,32.07602417,2.172636586,2.14195924
423,114,492,10,-2275.907802,33.26754,34.08812175,2.129617392,2.081461463
423,121,483,3,-3021.306057,10.78666225,33.29149167,2.180714653,2.044840904
423,121,492,10,-2891.883386,33.4614375,34.58311257,2.174630631,2.058745436
423,123,480,0,-2878.232206,24.87127625,26.06606135,2.246004288,2.039363001
423,124,483,1,-2822.844182,9.50405225,33.2683181,2.173207331,2.020955251
423,126,492,10,-2321.875678,30.4946175,32.92328722,2.185806327,2.047620948
423,137,492,10,-2470.908754,31.99999,32.8485457,2.143899997,2.078413796
423,140,483,1,-2217.007214,9.22732475,30.78110263,2.185352008,2.079905598
423,141,479,10,-2305.623133,6.0821065,34.06838687,2.137593971,2.113682575
423,141,480,10,-2185.39787,30.472655,34.037859,2.154974208,2.10308867
423,141,481,0,-1627.382923,8.01361425,34.49983078,2.124123303,2.163410677
423,141,483,10,-2130.022263,12.985736,37.91601608,2.101888641,2.110373162
423,141,485,0,-2152.021246,6.848033,35.23319002,2.145333858,2.113146987
423,141,486,10,-1583.630915,12.52621775,35.88184305,2.090244373,2.193368167
423,141,489,0,-2768.430379,-0.69872125,30.26330218,2.193057888,2.083438519
423,141,490,0,-1488.834209,7.6819805,35.18769,2.141186253,2.146939954
423,141,492,10,-2000.600959,35.66051125,38.35027745,2.091790494,2.126446685
423,141,497,0,-1508.685857,-0.7448425,27.73155303,2.174935454,2.24304732
423,141,507,0,-1586.083604,-3.65688175,22.83945635,2.262685038,2.299081407
423,141,508,0,-1701.5713,2.78453125,25.37244795,2.189754731,2.306923531
423,141,553,10,-1406.893015,-3.48354115,17.06063943,2.200987779,2.498489253
423,141,555,10,-1430.117227,-3.33183675,24.90469062,2.235810611,2.260739558
423,141,557,0,-1505.327975,-2.83573525,20.05367637,2.250851105,2.401985042
423,141,596,0,-1741.686296,8.1265015,34.78720695,2.123250215,2.154099139
423,141,617,10,-3841.24898,3.81488625,33.77751553,2.148441605,2.093613182
423,141,618,10,-2922.034294,7.22032875,34.73441537,2.128084118,2.124969198
423,143,474,10,-1684.68272,6.519223,30.8083926,2.24910573,2.030714511
423,143,475,1,-1407.688595,2.314471,28.04254202,2.108706043,2.188445083
423,143,477,0,-1981.606235,6.32890225,32.70452817,2.103583127,2.161618904
423,143,478,0,-1613.270185,7.21744225,32.64615812,2.092746541,2.146367917
423,143,481,0,-1606.181058,5.19325275,32.60427877,2.109297322,2.149350073
423,143,482,12,-2289.928079,-2.8251305,27.31235792,2.186538002,2.122348344
423,143,483,0,-2108.820269,10.1653745,36.1015057,2.108524327,2.100139096
423,143,485,10,-2130.822355,4.0276715,31.4713087,2.152974426,2.107420845
423,143,486,0,-1562.430245,9.70585625,33.23656032,2.043702032,2.185684677
423,143,489,10,-2747.227787,-3.51908275,28.82421877,2.197991349,2.079625687
423,143,492,10,-1979.398596,32.84014975,36.76678747,2.067729237,2.104208174
423,143,495,12,-1503.509131,-3.5249185,25.56468257,2.200186794,2.22465398
423,143,508,10,-1680.38792,-0.03583025,11.87800398,2.3851417,1.952208344
423,143,596,0,-1720.485157,5.30614,32.43628448,2.114529417,2.146729004
423,143,606,10,-1444.83505,-3.6898255,25.3807184,2.1795161,2.226153036
423,152,490,0,-1388.335473,18.192982,43.12776125,2.21546851,2.190540459
423,160,453,0,-2183.058535,-1.6657615,26.2420751,2.263842117,2.199815666
423,160,457,0,-2311.147912,-1.9104865,26.12878625,2.253499688,2.278291199
423,160,462,0,-1624.198811,5.15045725,31.2819794,2.135220429,2.278049455
423,160,464,10,-2119.984959,-0.43655175,28.99606592,2.183769963,2.264322037
423,160,465,10,-1888.428933,1.120213,27.90819427,2.184869882,2.259217294
423,160,466,4,-1989.066351,4.3133095,27.45554715,2.139809,2.319674902
423,160,467,1,-1702.799903,1.94531275,21.82894918,2.100033886,2.310264596
423,160,468,1,-1976.495056,0.4009725,29.868749,2.149019071,2.226410959
423,160,469,1,-1701.546772,9.6031345,32.5847949,2.031610072,2.304393954
423,160,476,10,-1280.018001,6.96267725,31.78188355,2.035658739,2.332832849
423,160,479,11,-2118.628012,18.38041625,68.81112918,2.00729082,2.250977519
423,160,482,3,-2124.181975,12.29354075,34.36288518,2.043281378,2.279882451
423,160,484,2,-1472.914217,10.212186,27.5057597,2.021402375,2.412276727
423,160,494,10,-1827.647872,6.9616105,33.09563637,2.124331629,2.216695305
423,160,496,0,-1501.635643,6.868615,34.69557312,2.094509932,2.258426837
423,160,498,10,-1836.678338,10.45220475,28.7671853,2.063389597,2.456549611
423,160,505,11,-1810.821522,6.07150175,31.18556402,2.163109542,2.263758475
423,160,509,10,-1578.985567,11.14709825,34.9738882,2.01295642,2.304237914
423,160,512,0,-1507.903505,3.4089565,15.4718659,2.211555044,2.452346102
423,160,514,0,-2336.325717,-1.2980465,31.1991996,2.1900035,2.194839875
423,160,515,0,-1342.437423,7.9721365,22.04370477,2.023811065,2.484743393
423,160,520,0,-1740.854161,10.29909475,32.25933575,2.00602744,2.424368149
423,160,523,10,-1467.393929,-3.62789125,29.12750835,2.211512597,2.170507914
423,160,524,10,-1469.800449,-1.14600325,29.07316685,2.268790348,2.187952264
423,160,550,2,-1317.183671,10.4191355,32.09121595,2.019954098,2.390976338
423,160,551,10,-1317.194374,1.49200675,30.07857245,2.120556465,2.220982877
423,160,552,2,-1395.561614,-0.826543,20.68991745,2.118975058,2.295101007
423,160,556,10,-1866.945265,0.81280075,29.88033892,2.163256661,2.271144777
423,160,566,0,-1434.857879,-2.64384575,16.6782221,2.224558513,2.348801554
423,160,567,0,-2287.25827,-2.6358765,28.82839793,2.258093671,2.213509492
423,160,584,0,-1402.384947,9.36299025,32.04963153,2.039693937,2.395059376
423,160,592,0,-1852.032636,2.45948625,13.5471979,2.479942225,2.393106563
423,160,603,10,-1317.143415,7.37795675,32.02315103,2.029069227,2.348947463
423,160,606,0,-1279.087512,11.42884575,33.33106182,2.005179412,2.456097137
423,160,608,2,-1798.898854,8.22821925,30.50868605,2.223629277,2.309533479
423,160,620,10,-2099.793987,0.149094,29.5699586,2.175170283,2.243454731
423,163,474,10,-1966.366532,18.54846075,38.29101635,2.158357842,2.165475765
423,163,481,10,-1887.867599,17.2224905,38.37429187,2.108879023,2.236696043
423,163,490,10,-1749.320028,16.89085675,38.34454837,2.127941432,2.215568155
423,171,481,0,-1528.059383,20.689679,46.62085295,2.174088631,2.159995197
423,171,490,10,-1389.512213,20.35804525,46.33994003,2.191060937,2.153487519
423,171,558,2,-1464.674549,9.76220575,42.98097645,2.303152144,2.27488109
423,173,490,10,-1352.31161,16.87931075,41.15163825,2.170692404,2.174618971
423,177,490,0,-1227.865778,11.612766,35.19759195,2.167493765,2.197542279
423,178,515,10,-1369.980602,-0.0021335,27.29513933,2.273879452,2.323524493
423,178,558,0,-1404.609545,1.41018075,31.07138412,2.199310621,2.307857412
423,184,490,10,-1455.442541,9.46772,34.43703057,2.191266112,2.194778521
423,190,490,0,-1229.975572,9.2160925,35.1225053,2.175971678,2.185122653
423,191,490,0,-1419.52887,12.56110675,37.7689489,2.173913029,2.1825158
423,193,474,1,-1636.797953,15.73374675,37.86010583,2.07243507,2.217830987
423,193,478,11,-1565.386016,16.431966,39.32248203,2.075094097,2.238370615
423,193,490,1,-1419.750634,14.07614275,38.4256151,2.125756491,2.22312965
423,193,515,10,-1460.29197,2.067989,26.30556555,2.089218465,2.436137818
423,194,481,0,-1495.80878,15.092881,37.84827745,2.114381073,2.238211768
423,194,490,0,-1357.260627,14.76124725,38.18408408,2.139590165,2.213558512
423,195,478,2,-1678.456796,17.23786425,38.82131033,2.107571917,2.219563092
423,195,481,1,-1671.367542,15.21367475,38.85929917,2.114410759,2.237017591
423,195,490,0,-1532.818894,14.882041,39.50526023,2.140207423,2.211904675
423,195,596,10,-1785.67164,15.326562,38.69128605,2.119811305,2.219447733
423,221,490,0,-1459.776539,11.314578,36.92804243,2.189721932,2.164977107
423,238,478,12,-1317.868405,7.86213575,32.94019207,2.140299863,2.158391821
423,238,490,10,-1172.232017,5.5063125,32.67470938,2.169936519,2.152606955
423,243,490,10,-1592.281495,6.0512335,34.03510427,2.155268011,2.141200121
423,253,490,10,-1294.582774,4.23480925,32.36528912,2.173681859,2.136659452
423,254,512,10,-1486.542294,-0.94645825,12.56414385,2.221804894,2.332217211
423,254,550,1,-1295.824991,6.06372075,27.5946639,1.940770311,2.432740976
423,254,584,10,-1381.027483,5.0075755,26.79074855,2.015794993,2.440363841
423,262,478,10,-1524.798481,12.96797775,38.7398169,2.119056674,2.17912966
423,262,490,0,-1379.164587,10.6121545,36.90936175,2.148827823,2.1722327
423,262,515,1,-1419.711937,-1.39599925,21.01528875,2.083381362,2.383895932
423,263,515,13,-1367.819984,-3.44654375,27.9375048,2.163291962,2.35441058
423,263,558,2,-1402.45154,-2.0342295,30.07419877,2.081981046,2.303080877
423,263,606,12,-1304.477531,0.0101655,34.54488528,2.187990216,2.276105382
423,264,474,1,-1483.949826,14.02619375,35.79866165,2.121090847,2.14715098
423,264,476,11,-1245.019253,-0.64902325,37.22551508,2.196373637,2.217846207
423,264,478,10,-1412.537953,14.724413,37.2208653,2.1364889,2.16352734
423,264,481,10,-1405.448547,12.7002235,37.35388903,2.145303364,2.176068312
423,264,482,2,-2089.195144,4.68184025,32.328549,2.19119249,2.131759415
423,264,490,10,-1266.902465,12.36858975,36.38999882,2.16713759,2.15669977
423,273,515,10,-1321.093839,-3.5721065,20.27087923,2.085209905,2.375958039
423,273,550,0,-1295.84241,-1.1251075,28.86022472,2.205822463,2.228881249
423,273,584,10,-1381.044133,-2.18125275,28.5385745,2.219228274,2.242909057
423,280,550,1,-1282.211881,-2.48998275,29.6250531,2.189834373,2.233152611
423,281,480,0,-2189.617031,29.4928765,31.44720643,2.185560951,2.091086435
423,281,481,0,-1631.597251,7.03383575,34.94185432,2.132533771,2.161784795
423,281,482,0,-2315.344451,-0.9845475,29.53759843,2.181816638,2.112832585
423,281,490,10,-1493.049925,6.702202,34.7588816,2.151149606,2.145682931
423,291,462,0,-1831.406434,-1.099129,31.2385815,2.178535693,2.198291192
423,291,469,1,-1908.759709,3.35354825,29.20745812,2.034337264,2.240889373
423,291,476,0,-1487.235253,0.713091,25.6969031,2.020043445,2.317611694
423,291,481,0,-1647.641307,14.06233775,40.40842097,2.00327501,2.257012997
423,291,482,11,-2331.391194,6.0439545,33.31851182,2.121957762,2.156030837
423,291,484,12,-1680.132483,3.96259975,20.78414285,2.009108172,2.402830516
423,291,490,0,-1509.094762,13.730704,39.73525152,2.093629375,2.191739994
423,291,509,10,-1786.192181,4.897512,35.56392645,2.01558145,2.227372211
423,291,512,10,-1715.111923,-2.84062975,14.93022045,2.281898295,2.376188134
423,291,515,10,-1549.655778,1.72255025,15.26583255,2.033118544,2.436145028
423,291,584,0,-1609.601865,3.113404,26.17441178,2.029896775,2.356226885
423,291,588,1,-1642.306374,-1.88770825,8.907243275,2.012996856,2.48785195
423,292,480,0,-1993.12412,38.9605965,42.24500053,2.00539402,2.18252499
423,292,483,11,-1937.752039,21.4736775,43.91083105,2.054309092,2.115847888
423,292,515,11,-1337.130591,4.16176825,13.2058379,2.10906703,2.325823985
423,296,474,0,-1592.197721,14.3558195,36.98566575,2.104512354,2.182398427
423,296,476,2,-1353.292101,-0.3193975,22.7548317,2.02078975,2.358079294
423,296,484,15,-1546.185967,2.93011125,19.95348345,2.008484163,2.441317088
423,296,494,0,-1900.905828,-0.32046425,34.19875627,2.085033122,2.173987855
423,296,507,10,-1472.42636,1.35935325,8.53484085,2.136188615,2.294404552
423,296,509,0,-1652.245043,3.8650235,35.12334615,2.015877099,2.26805691
423,296,512,1,-1581.174524,-3.87311825,8.37836745,2.295984686,2.282741591
423,296,554,10,-1504.92814,3.4192475,32.39055227,2.041375348,2.354297208
423,296,558,12,-1450.341945,2.102376,15.8647562,2.109939691,2.312699691
423,302,480,11,-1993.104938,41.898175,42.69317358,2.04482825,2.148803375
423,306,480,10,-1993.114171,43.8427975,45.20560827,2.009613698,2.214419232
423,317,490,0,-1409.871633,5.93615,32.91049877,2.155524779,2.13735707
423,325,490,0,-1259.7424,2.5979755,30.32467795,2.195142801,2.132273905
423,328,515,0,-1351.175957,-3.9270205,20.80344475,2.118557457,2.348845237
423,332,490,10,-1425.939534,6.28359675,33.29887735,2.139432932,2.154087063
423,367,483,12,-2060.481839,24.457189,46.53356143,2.118192506,2.091439956
423,369,490,0,-1344.30053,8.8759875,36.02255365,2.163233933,2.150252939
423,377,480,1,-1982.154191,46.52291275,47.86398692,2.019067312,2.220887826
423,377,488,10,-1873.327707,2.69894025,18.22805925,2.211200958,2.041681899
423,381,490,0,-1093.876214,4.14482575,32.1089742,2.170178381,2.140662888
423,385,484,1,-1545.72927,0.657118,23.61975887,2.01730646,2.369568175
423,385,584,0,-1475.196742,-0.19207775,30.20798178,2.113830055,2.311177655
424,141,479,0,-2441.276715,-1.27715075,29.44617795,2.177547311,2.048479308
424,141,480,10,-2321.05319,23.11339775,28.32503625,2.204637703,2.050941996
424,141,483,0,-2265.677064,5.62647875,32.52878425,2.154980526,2.048594931
424,141,492,10,-2136.255524,28.301254,33.11087835,2.124906144,2.071381476
424,160,483,11,-2078.714534,26.3516115,45.16602558,2.095907323,2.277267658
424,163,490,0,-1884.958248,17.07471425,40.95154105,2.1216717,2.214873878
424,333,488,10,-2128.213772,12.92329975,16.65322877,2.304818607,1.982395629
425,74,480,1,-3321.799306,24.93528125,27.67934503,2.385414314,1.993549152
425,74,483,11,-3266.428895,7.44836225,28.29684895,2.079703075,2.012529553
425,292,483,0,-2059.487398,34.456527,50.58673453,2.061913756,2.20839629
425,302,483,10,-2059.465365,37.83241425,51.1218979,2.048257886,2.265091403
425,306,483,0,-2059.475632,42.50741475,53.90873208,2.083217698,2.222194948
425,333,488,16,-2114.301719,21.75209925,23.3687275,2.421871542,2.174078261
425,377,483,10,-2048.512494,44.215909,55.84849772,2.060955951,2.284892294
425,377,485,1,-2070.512961,38.078206,52.23464365,2.024212703,2.378682057
426,160,482,12,-2134.930462,13.246023,35.72045005,2.171599565,2.268353974
426,160,483,0,-1953.830165,26.236528,39.7948703,2.05010293,2.198021074
426,302,483,12,-1948.496258,36.49470975,49.36571993,2.001983332,2.18314919
426,306,483,1,-1948.502095,36.83669725,51.8995963,2.008074075,2.269275998
426,377,483,10,-1937.539076,40.11613775,53.9445686,2.033060717,2.172327993
427,160,482,10,-2056.338936,12.64845475,34.09580863,2.177677831,2.27541626
427,160,483,0,-1875.235933,25.63895975,39.86838193,2.076672103,2.209401717
427,160,484,10,-1405.063038,10.5671,32.3467716,2.059434183,2.374244179
427,292,483,10,-1869.919501,29.1866565,48.8528579,2.014132678,2.164039554
427,302,483,0,-1869.897617,36.3931175,52.2455496,2.037360875,2.196548946
427,306,483,11,-1869.905667,38.11265575,53.46743015,2.009123795,2.238143868
428,160,520,12,-1921.216813,15.083845,36.89479748,2.088643115,2.479135522
428,302,483,1,-2118.111223,38.39045,52.97531955,2.033938648,2.22239227
429,141,480,0,-2561.728242,24.07309625,27.88842802,2.220093135,2.057161132
429,141,483,0,-2506.353166,6.58617725,31.43362105,2.153990233,2.068329898
429,141,492,0,-2376.930153,29.2609525,32.94011678,2.143504352,2.084543941
429,143,479,0,-2660.75443,-2.05060725,28.57535228,2.182115629,2.074107827
429,143,480,10,-2540.530276,22.33994125,27.84831195,2.210512094,2.057923287
429,143,481,10,-1982.51135,-0.1190995,30.80709995,2.156434652,2.129435011
429,143,485,0,-2507.121079,-1.28468075,49.48308753,2.195291456,2.073203824
429,143,490,10,-1843.963236,-0.45073325,31.1185784,2.176803082,2.115311896
429,143,492,10,-2355.732617,27.5277975,32.63006903,2.125579952,2.081310596
429,143,618,10,-3277.166794,-0.912385,28.48584568,2.175502446,2.084580543
429,160,482,2,-2500.495643,8.02064225,33.16424095,2.111378308,2.214765743
429,160,490,0,-1678.203572,15.70739175,36.8442398,2.003666031,2.31475652
430,141,480,1,-2278.006889,21.55318175,24.76701713,2.261373219,1.998491873
430,143,480,10,-2256.804307,20.9395495,25.67934565,2.207734466,2.007528411
430,143,483,0,-2201.429723,3.4526305,28.91511843,2.21153176,1.998334141
430,160,474,10,-1611.52737,15.4112745,37.6551455,2.016498966,2.278744096
430,160,475,0,-1334.535198,11.2065225,33.66421413,1.976850057,2.474088437
430,160,490,0,-1394.48086,13.7536705,37.7134277,2.006723019,2.284683273
430,195,490,0,-1625.410022,13.923472,40.87970485,2.030284594,2.273189662
430,302,523,11,-1554.649827,-0.89199125,36.31510043,2.18156441,2.131505448
430,306,523,0,-1554.668386,-1.530598,30.35130278,2.00285647,2.171233342
430,333,488,0,-2085.164068,5.48435,16.92822437,2.076070692,1.996829895
431,141,480,11,-2469.672132,19.86821875,24.04413712,2.223741991,1.996810656
431,141,483,12,-2414.295855,2.38129975,28.34216073,2.12717081,1.944760123
431,141,492,0,-2284.872578,25.056075,30.01431645,2.126846535,1.99870946
431,143,480,10,-2448.471338,18.03466375,24.11690203,2.10308396,1.954425628
431,143,483,10,-2393.097394,0.54774475,26.950874,2.00347392,1.959881313
431,160,484,2,-1757.16915,4.12750675,27.44552597,2.006285885,2.319437405
431,306,488,4,-2168.549482,0.55138425,18.2704406,2.099023415,1.994981163
431,333,488,11,-2276.832504,5.68169875,14.61281212,2.018248725,1.992762534
433,31,492,1,-1544.76175,20.939173,27.05294942,2.646751582,1.857540118
433,160,526,3,-1383.273409,-3.88566825,15.5333609,2.471185395,2.418818417
433,160,616,1,-1599.175469,-1.2182285,24.63584452,2.496724084,2.469572694
433,184,483,1,-2069.298846,28.05709375,36.70492852,2.183985983,2.123399008
433,195,483,10,-2146.669159,35.62524575,48.37635323,2.259830178,2.147920786
433,261,490,0,-1525.572279,15.4551995,41.44921757,2.378678599,2.165123165
433,302,483,0,-1910.409946,35.95280075,50.12251003,2.066844009,2.217417582
433,333,488,0,-1965.233474,20.9608845,26.45805433,2.826007273,2.171370292
433,366,483,10,-2292.794181,39.55314475,54.85022052,2.163826188,2.187764533
433,367,483,1,-2033.146878,41.5145215,53.23227453,2.17860509,2.198169589
433,377,483,10,-1899.453535,40.93703325,53.83544008,2.064498019,2.206008727
434,160,483,1,-1984.760154,40.910741,52.46634175,2.162303534,2.436073272
434,254,483,0,-1963.406027,38.47045625,56.9775271,2.193558422,2.125354019
434,262,483,2,-2062.048383,43.23682075,54.71598573,2.492582665,2.466592593
434,302,483,0,-1979.423491,44.28600075,60.30519098,2.147096344,2.325299552
434,306,479,2,-2155.037919,42.124828,55.61009793,2.259755796,2.46393265
434,306,483,2,-1979.436131,49.0284575,60.03338935,2.306437196,2.353012168
434,306,485,1,-2001.435655,42.8907545,57.01188273,2.148726352,2.382491332
434,367,483,10,-2102.176193,49.11988425,58.50617985,2.474461135,2.401541419
434,377,485,0,-1990.47339,42.90399475,57.30788075,2.108511813,2.420392787
435,25,492,10,-1585.253504,4.33044025,8.402319125,2.624997185,1.873356895
435,30,492,0,-2120.975387,1.19645425,7.4176524,2.742748989,1.827507718
435,160,488,0,-1783.671284,1.5693775,32.34168885,2.229967077,2.176282514
435,160,490,10,-1195.970134,22.6026755,40.52061797,2.060608369,2.357474329
435,160,494,0,-1721.731421,9.58399575,33.4904531,2.179078039,2.26108695
435,194,490,11,-1251.340609,12.248549,35.19276648,2.208038136,2.211539553
435,261,492,1,-1958.762789,37.30205125,39.32925275,2.229600543,2.055297649
435,304,618,0,-2517.981987,10.614539,38.4418046,2.288487644,2.114785591
435,306,528,0,-1305.200442,8.523709,37.12466328,2.126403968,2.262719111
435,377,483,11,-1820.87178,39.80464675,54.00396148,2.028938211,2.184584981
436,122,477,2,-2710.994156,-3.0879275,26.06344468,2.932194184,2.060276313
436,122,492,2,-2708.793103,23.42332,25.99272542,2.835659587,1.882367061
436,137,492,1,-2553.063672,30.3590775,33.34939737,2.990124169,1.982490018
436,169,555,11,-2032.033158,26.7690245,35.5562835,2.789572684,2.312873308
436,171,488,2,-2059.354126,13.147631,47.7896219,2.728775011,2.209421016
436,254,485,0,-2025.906643,43.1846755,57.7542717,2.010328235,2.323448741
436,258,483,10,-1971.710739,46.06421025,52.06711998,2.188015518,2.463715256
436,296,453,0,-2338.485288,50.0402385,66.55705505,2.641986477,2.496508006
436,302,479,0,-2195.515539,57.874074,65.29123067,2.16362387,2.436001312
436,302,486,1,-1473.517879,64.31818525,70.5194791,2.025013095,2.489722085
436,366,485,10,-2424.319861,52.32201675,64.03904815,2.177567629,2.410037093
437,6,492,0,-1768.936911,8.91382575,17.25060878,2.35506353,1.949766272
437,141,480,0,-2192.457458,18.708034,27.34543972,2.243879155,2.028447714
437,141,481,0,-1634.43915,-3.75100675,29.91602485,2.176370793,2.085726606
437,141,483,10,-2137.080834,1.221115,31.86135642,2.173096699,2.032016887
437,141,492,10,-2007.659804,23.89589025,32.12341297,2.144589569,2.04652428
437,163,481,10,-1894.925597,14.4677655,41.4348792,2.138443266,2.196885249
437,163,490,10,-1756.382262,14.13613175,38.74678842,2.159102287,2.198200115
437,193,490,0,-1426.812174,14.46556925,39.70991307,2.154664763,2.241254952
437,193,529,11,-1584.004535,5.155289,33.40411538,2.157785335,2.366508895
437,291,492,10,-2027.925978,43.04399,47.07367577,2.03757309,2.136265974
437,292,483,10,-1944.820099,25.25392575,48.54553978,2.01313129,2.142246805
437,306,488,3,-1891.356532,3.88253075,19.21945277,2.215236877,2.046452639
437,333,488,10,-1999.635657,9.332933,13.925229,2.25972658,1.973899202
437,333,616,0,-1736.556599,2.98984925,8.4140973,2.34458999,2.087493602
437,333,619,0,-2955.293605,2.98169175,30.36511405,2.056181874,2.330667553
437,366,483,10,-2327.196711,25.93074725,48.80088835,2.017457628,2.063836892
437,377,488,10,-1880.39262,7.265195,23.6560974,2.210315221,2.133246495
438,152,486,12,-1760.538657,21.9176965,44.69172343,2.374042695,2.201684194
438,152,490,12,-1665.749978,17.07345925,38.9604961,2.474472753,2.219037472
438,189,478,10,-1964.964083,16.9293225,35.50076857,2.370154535,2.205012088
438,195,483,10,-2451.439198,37.20064725,48.29863735,2.103196518,2.041710944
438,306,483,10,-2215.187582,39.4392535,52.62951685,2.11751985,2.182155568
438,366,483,10,-2597.570228,38.51714225,52.37429378,2.246371372,2.075447969
438,377,483,12,-2204.222655,40.191124,55.3637979,2.067855224,2.133731385
439,27,492,0,-1839.20902,11.57455125,19.46938603,2.392546,1.918136498
439,141,479,1,-2458.194437,-2.67810725,28.7281297,2.2062758,2.019659522
439,141,480,0,-2337.971904,21.71244125,26.98442642,2.214338842,2.004028051
439,141,485,0,-2304.594767,-1.91218075,28.5014265,2.203191998,2.029103421
439,141,486,11,-1736.199895,3.766004,31.999739,2.088891674,2.077978107
439,141,492,12,-2153.174611,26.9002975,31.53620475,2.128899835,2.027562301
439,143,480,2,-2316.768047,18.34690775,27.22278857,2.206335479,2.007353385
439,143,483,11,-2261.393213,0.85998875,30.61543008,2.185687496,1.999345597
439,160,476,0,-1432.57803,1.010777,32.07399735,2.023585567,2.275598259
439,160,494,1,-1980.211489,1.00971025,31.13641195,2.234697953,2.149161682
439,160,496,0,-1654.200547,0.91671475,31.92821655,2.048483271,2.216255006
439,160,497,10,-1474.302468,5.601567,30.32226835,2.009197742,2.422165581
439,160,505,2,-1963.384232,0.1196015,29.79545072,2.063855736,2.201410449
439,195,490,0,-1685.383899,12.96145175,37.60408582,2.030609081,2.260247696
439,306,488,0,-2036.856848,-0.5779275,14.90668293,2.040062017,2.031672046
439,306,531,2,-2171.086433,-3.91767075,22.18393848,2.028671407,2.231668001
440,152,490,11,-1320.479473,12.047498,34.04879005,2.516995846,2.160376327
440,195,483,0,-2106.170966,36.19438825,49.1798356,2.167319139,2.121058136
440,302,483,1,-1869.907235,37.72448425,53.0869769,2.056584357,2.202994473
440,306,479,13,-2045.519568,35.0638215,51.08648808,2.017960065,2.308862331
440,306,483,10,-1869.920912,41.967451,53.54406673,2.063242927,2.181709649
440,306,532,1,-1802.897462,9.50116575,39.63944483,2.410016142,2.313261706
440,333,483,11,-1978.184543,46.81683375,60.66065718,2.01850871,2.353442524
440,333,485,1,-2000.184802,40.67913075,57.17735447,2.002397106,2.409893809
440,377,483,11,-1858.954852,41.92170625,54.4588927,2.064730264,2.202225142
440,377,485,12,-1880.955646,35.78400325,50.6398022,2.01379917,2.459026233
441,74,479,12,-3342.605938,-2.10017975,22.02250155,2.08467095,2.101849559
441,74,480,0,-3222.376133,22.29036875,24.84204102,2.404765184,1.9974235
441,74,483,11,-3167.001665,4.80344975,28.00548815,2.321828316,2.010981406
441,74,492,11,-3037.577725,27.478225,30.09370148,2.276412849,2.076295117
441,160,483,10,-1965.370468,31.87028575,46.8049238,2.182785628,2.250116622
441,302,483,10,-1960.035296,36.6822695,53.27156858,2.12364384,2.19114974
441,302,485,0,-1982.007017,30.5445665,67.69619973,2.055161557,2.327804412
441,306,483,1,-1960.046093,38.274739,54.18636945,2.031527999,2.242129393
441,333,488,0,-2014.86868,18.32230975,20.9242636,2.468878527,2.101651897
441,367,483,10,-2082.782925,35.42105725,50.69059205,2.187655503,2.239473633
441,377,479,10,-2124.683061,37.345537,54.20114707,2.067035127,2.267465719
441,377,483,0,-1949.082315,44.2491665,57.97049565,2.0881883,2.223601411
441,377,485,0,-1971.086864,38.1114635,51.79548778,2.027712505,2.385033165
441,377,488,10,-1895.617612,17.912113,33.13246435,2.552163239,2.245318196
442,7,492,3,-1719.100773,-2.33888075,11.19973922,2.707082314,1.813743527
442,27,483,12,-1770.202244,20.59185175,36.42227743,2.121435357,1.974994421
442,27,517,10,-1183.549745,4.90246925,54.72055393,3.149689059,1.95494008
442,46,492,0,-1563.112142,28.53449575,40.1965205,2.635485328,1.841275983
442,195,483,10,-2128.1288,34.29770675,45.93209013,2.351064816,2.269480155
442,292,483,1,-1891.879818,35.59889075,53.7857107,2.050414553,2.179784862
442,302,483,0,-1891.860916,36.93383425,53.27272318,2.039458288,2.207080196
442,306,483,0,-1891.870377,38.661279,53.83308068,2.051294179,2.199842699
442,366,483,0,-2274.255987,35.692953,51.0385408,2.095531726,2.074113302
442,367,483,11,-2014.605769,37.82061725,51.0889667,2.159855856,2.121023506
442,377,479,0,-2056.506749,36.36130325,54.17382573,2.015812013,2.258815791
442,377,483,1,-1880.906239,43.26493275,57.7952098,2.042753409,2.214631277
